id,email,created_at,updated_at,username,phone_number,major,student_id,sex,home_phone_number,emergency_phone_number,habitat_id,member_type,generation_id,birth,activated,provider,uid,extra_info,club_id
1939,donut0@donutworks.com,2014-11-15 17:05:30 +0900,2014-11-15 17:15:59 +0900,홍주주,01000000000,"",2014-00000,"",0200000000,01010000000,donut0,"",,900101,true,kakao,0,,1
1938,donut1@donutworks.com,2014-10-30 16:02:49 +0900,2014-11-15 16:52:40 +0900,허은진,01000000001,"",2014-00001,남,0200000001,01010000001,donut1,"",,900102,false,,1,,1
1737,donut2@donutworks.com,2014-09-24 06:55:29 +0900,2014-11-15 16:52:40 +0900,안훈라,01000000002,간호대학 간호학과,2014-00002,여,0200000002,01010000002,donut2,정단원,8.0,900103,false,,2,,1
1731,donut3@donutworks.com,2014-09-24 06:55:29 +0900,2014-11-15 16:52:40 +0900,추진혁,01000000003,사범대학 영어교육과,2014-00003,여,0200000003,01010000003,donut3,예비단원,8.0,900104,false,,3,,1
1732,donut4@donutworks.com,2014-09-24 06:55:29 +0900,2014-11-15 16:52:40 +0900,이주수,01000000004,공과대학 건축학과,2014-00004,남,0200000004,01010000004,donut4,예비단원,8.0,900105,false,,4,,1
1735,donut5@donutworks.com,2014-09-24 06:55:29 +0900,2014-11-15 16:52:40 +0900,신유진,01000000005,공과대학 건축학과,2014-00005,여,0200000005,01010000005,donut5,정단원,6.0,900106,false,,5,,1
1739,donut6@donutworks.com,2014-09-24 06:55:29 +0900,2014-11-15 16:52:40 +0900,선훈희,01000000006,생활과학대학 의류학과,2014-00006,여,0200000006,01010000006,donut6,정단원,8.0,900107,false,,6,,1
1740,donut7@donutworks.com,2014-09-24 06:55:29 +0900,2014-11-15 16:52:40 +0900,김소혁,01000000007,미술대학 동양화과,2014-00007,여,0200000007,01010000007,donut7,정단원,8.0,900108,false,,7,,1
1730,donut8@donutworks.com,2014-09-24 06:55:29 +0900,2014-11-15 16:52:40 +0900,최주운,01000000008,공과대학 전기정보공학부,2014-00008,남,0200000008,01010000008,donut8,예비단원,8.0,900109,true,kakao,8,,1
1903,donut9@donutworks.com,2014-09-24 06:56:47 +0900,2014-11-15 16:52:40 +0900,김보진,01000000009,공과대학 건축학과,2014-00009,여,0200000009,01010000009,donut9,예비단원,8.5,900110,true,kakao,9,,1
1733,donut10@donutworks.com,2014-09-24 06:55:29 +0900,2014-11-15 16:52:40 +0900,신훈건,01000000010,공과대학 기계항공공학부,2014-00010,남,0200000010,01010000010,donut10,정단원,8.0,900111,false,,10,,1
1746,donut11@donutworks.com,2014-09-24 06:55:29 +0900,2014-11-15 16:52:40 +0900,강혜혁,01000000011,농업생명과학대학 산림과학부,2014-00011,여,0200000011,01010000011,donut11,예비단원,8.0,900112,false,,11,,1
1753,donut12@donutworks.com,2014-09-24 06:55:29 +0900,2014-11-15 16:52:40 +0900,권주현,01000000012,간호대학 간호학과,2014-00012,여,0200000012,01010000012,donut12,정단원,8.0,900113,true,kakao,12,,1
1749,donut13@donutworks.com,2014-09-24 06:55:29 +0900,2014-11-15 16:52:40 +0900,박준진,01000000013,공과대학 기계항공공학부,2014-00013,남,0200000013,01010000013,donut13,예비단원,8.0,900114,false,,13,,1
1750,donut14@donutworks.com,2014-09-24 06:55:29 +0900,2014-11-15 16:52:40 +0900,윤훈원,01000000014,공과대학 화학생물공학부,2014-00014,여,0200000014,01010000014,donut14,예비단원,7.5,900115,false,,14,,1
1853,donut15@donutworks.com,2014-09-24 06:56:45 +0900,2014-11-15 16:52:40 +0900,차지혁,01000000015,음악대학 국악학과,2014-00015,여,0200000015,01010000015,donut15,예비단원,8.5,900116,true,kakao,15,,1
1752,donut16@donutworks.com,2014-09-24 06:55:29 +0900,2014-11-15 16:52:40 +0900,김주영,01000000016,음악대학 기악과,2014-00016,여,0200000016,01010000016,donut16,정단원,7.0,900117,false,,16,,1
1852,donut17@donutworks.com,2014-09-24 06:56:45 +0900,2014-11-15 16:52:40 +0900,이수진,01000000017,자연과학대학 화학부,2014-00017,여,0200000017,01010000017,donut17,예비단원,8.5,900118,true,kakao,17,,1
1756,donut18@donutworks.com,2014-09-24 06:55:29 +0900,2014-11-15 16:52:40 +0900,김훈석,01000000018,자유전공학부 자유전공학과,2014-00018,남,0200000018,01010000018,donut18,예비단원,8.0,900119,false,,18,,1
1844,donut19@donutworks.com,2014-09-24 06:56:45 +0900,2014-11-15 16:52:40 +0900,이경혁,01000000019,공과대학 화학생물공학부,2014-00019,남,0200000019,01010000019,donut19,예비단원,8.5,900120,true,kakao,19,,1
1759,donut20@donutworks.com,2014-09-24 06:55:29 +0900,2014-11-15 16:52:40 +0900,김주호,01000000020,공과대학 건축학과,2014-00020,남,0200000020,01010000020,donut20,정단원,6.5,900121,false,,20,,1
1761,donut21@donutworks.com,2014-09-24 06:55:29 +0900,2014-11-15 16:52:40 +0900,정혜진,01000000021,공과대학 전기정보공학부,2014-00021,여,0200000021,01010000021,donut21,예비단원,8.0,900122,false,,21,,1
1762,donut22@donutworks.com,2014-09-24 06:55:29 +0900,2014-11-15 16:52:40 +0900,김훈수,01000000022,공과대학 조선해양공학과,2014-00022,남,0200000022,01010000022,donut22,정단원,6.5,900123,false,,22,,1
1765,donut23@donutworks.com,2014-09-24 06:55:30 +0900,2014-11-15 16:52:40 +0900,김장혁,01000000023,공과대학 전기정보공학부,2014-00023,남,0200000023,01010000023,donut23,예비단원,8.0,900124,false,,23,,1
1764,donut24@donutworks.com,2014-09-24 06:55:29 +0900,2014-11-15 16:52:40 +0900,석주란,01000000024,자유전공학부,2014-00024,여,0200000024,01010000024,donut24,정단원,6.5,900125,false,,24,,1
1884,donut25@donutworks.com,2014-09-24 06:56:46 +0900,2014-11-15 16:52:40 +0900,신진진,01000000025,공과대학 기계항공공학부,2014-00025,남,0200000025,01010000025,donut25,예비단원,8.5,900126,true,kakao,25,,1
1741,donut26@donutworks.com,2014-09-24 06:55:29 +0900,2014-11-15 16:52:40 +0900,이훈,01000000026,사범대학 체육교육과,2014-00026,남,0200000026,01010000026,donut26,정단원,7.5,900127,false,,26,,1
1745,donut27@donutworks.com,2014-09-24 06:55:29 +0900,2014-11-15 16:52:40 +0900,오성혁,01000000027,공과대학 전기정보공학부,2014-00027,남,0200000027,01010000027,donut27,정단원,7.0,900128,true,kakao,27,,1
1748,donut28@donutworks.com,2014-09-24 06:55:29 +0900,2014-11-15 16:52:40 +0900,이주희,01000000028,공과대학 전기정보공학부,2014-00028,남,0200000028,01010000028,donut28,예비단원,8.0,900129,true,kakao,28,,1
1767,donut29@donutworks.com,2014-09-24 06:55:30 +0900,2014-11-15 16:52:40 +0900,김은진,01000000029,공과대학 전기정보공학부,2014-00029,여,0200000029,01010000029,donut29,예비단원,7.5,900130,false,,29,,1
1768,donut30@donutworks.com,2014-09-24 06:55:30 +0900,2014-11-15 16:52:40 +0900,변훈현,01000000030,사회과학대학 사회과학계열,2014-00030,남,0200000030,01010000030,donut30,정단원,8.0,900131,false,,30,,1
1769,donut31@donutworks.com,2014-09-24 06:55:30 +0900,2014-11-15 16:52:40 +0900,김태혁,01000000031,자연과학대학 물리천문학부,2014-00031,남,0200000031,01010000031,donut31,정단원,8.0,900101,false,,31,,1
1772,donut32@donutworks.com,2014-09-24 06:55:30 +0900,2014-11-15 16:52:40 +0900,임주하,01000000032,공과대학 화학생물공학부,2014-00032,남,0200000032,01010000032,donut32,정단원,7.5,900102,true,kakao,32,,1
1777,donut33@donutworks.com,2014-09-24 06:55:30 +0900,2014-11-15 16:52:40 +0900,김한진,01000000033,공과대학 재료공학부,2014-00033,남,0200000033,01010000033,donut33,예비단원,8.0,900103,false,,33,,1
1775,donut34@donutworks.com,2014-09-24 06:55:30 +0900,2014-11-15 16:52:40 +0900,이훈규,01000000034,사범대학 국어교육과,2014-00034,여,0200000034,01010000034,donut34,정단원,8.0,900104,false,,34,,1
1780,donut35@donutworks.com,2014-09-24 06:55:30 +0900,2014-11-15 16:52:40 +0900,이지혁,01000000035,미술대학 서양화과,2014-00035,여,0200000035,01010000035,donut35,예비단원,7.5,900105,false,,35,,1
1785,donut36@donutworks.com,2014-09-24 06:55:30 +0900,2014-11-15 16:52:40 +0900,김주민,01000000036,공과대학 전기정보공학부,2014-00036,여,0200000036,01010000036,donut36,정단원,8.0,900106,false,,36,,1
1782,donut37@donutworks.com,2014-09-24 06:55:30 +0900,2014-11-15 16:52:40 +0900,김윤진,01000000037,공과대학 건축학과,2014-00037,여,0200000037,01010000037,donut37,예비단원,7.0,900107,false,,37,,1
1783,donut38@donutworks.com,2014-09-24 06:55:30 +0900,2014-11-15 16:52:40 +0900,예훈빈,01000000038,수의과대학 수의예과,2014-00038,남,0200000038,01010000038,donut38,명예단원,7.0,900108,false,,38,,1
1784,donut39@donutworks.com,2014-09-24 06:55:30 +0900,2014-11-15 16:52:40 +0900,신민혁,01000000039,공과대학 건축학과 건축공학전공,2014-00039,남,0200000039,01010000039,donut39,예비단원,7.0,900109,false,,39,,1
1790,donut40@donutworks.com,2014-09-24 06:55:30 +0900,2014-11-15 16:52:40 +0900,김주우,01000000040,공과대학 기계항공공학과,2014-00040,남,0200000040,01010000040,donut40,정단원,8.0,900110,false,,40,,1
1794,donut41@donutworks.com,2014-09-24 06:55:30 +0900,2014-11-15 16:52:40 +0900,조현진,01000000041,공과대학 전기정보공학부,2014-00041,남,0200000041,01010000041,donut41,정단원,7.5,900111,false,,41,,1
1788,donut42@donutworks.com,2014-09-24 06:55:30 +0900,2014-11-15 16:52:40 +0900,이훈주,01000000042,공과대학 산업공학과,2014-00042,여,0200000042,01010000042,donut42,예비단원,8.0,900112,false,,42,,1
1758,donut43@donutworks.com,2014-09-24 06:55:29 +0900,2014-11-15 16:52:40 +0900,오세혁,01000000043,공과대학 산업공학과,2014-00043,남,0200000043,01010000043,donut43,정단원,7.0,900113,true,kakao,43,,1
1791,donut44@donutworks.com,2014-09-24 06:55:30 +0900,2014-11-15 16:52:40 +0900,손주균,01000000044,공과대학 전기정보공학부,2014-00044,남,0200000044,01010000044,donut44,정단원,7.0,900114,false,,44,,1
1793,donut45@donutworks.com,2014-09-24 06:55:30 +0900,2014-11-15 16:52:40 +0900,이재진,01000000045,공과대학 조선해양공학과,2014-00045,남,0200000045,01010000045,donut45,예비단원,8.0,900115,true,kakao,45,,1
1755,donut46@donutworks.com,2014-09-24 06:55:29 +0900,2014-11-15 16:52:40 +0900,박훈빈,01000000046,농업생명과학대학 식품동물생명공학부,2014-00046,여,0200000046,01010000046,donut46,예비단원,8.0,900116,true,kakao,46,,1
1798,donut47@donutworks.com,2014-09-24 06:55:30 +0900,2014-11-15 16:52:40 +0900,서자혁,01000000047,공과대학 전기정보공학부,2014-00047,여,0200000047,01010000047,donut47,예비단원,8.0,900117,false,,47,,1
1776,donut48@donutworks.com,2014-09-24 06:55:30 +0900,2014-11-15 16:52:40 +0900,남주아,01000000048,생활과학대학 식품영양학과,2014-00048,여,0200000048,01010000048,donut48,예비단원,7.5,900118,false,,48,,1
1800,donut49@donutworks.com,2014-09-24 06:55:30 +0900,2014-11-15 16:52:40 +0900,유시진,01000000049,인문대학 영어영문학과,2014-00049,여,0200000049,01010000049,donut49,예비단원,8.0,900119,false,,49,,1
1770,donut50@donutworks.com,2014-09-24 06:55:30 +0900,2014-11-15 16:52:40 +0900,김훈아,01000000050,공과대학 전기정보공학부,2014-00050,여,0200000050,01010000050,donut50,정단원,7.5,900120,false,,50,,1
1804,donut51@donutworks.com,2014-09-24 06:55:30 +0900,2014-11-15 16:52:40 +0900,전진혁,01000000051,공과대학 기계항공공학부,2014-00051,남,0200000051,01010000051,donut51,예비단원,8.0,900121,false,,51,,1
1805,donut52@donutworks.com,2014-09-24 06:55:30 +0900,2014-11-15 16:52:40 +0900,신주혜,01000000052,생활과학대학 소비자학과,2014-00052,여,0200000052,01010000052,donut52,예비단원,8.0,900122,false,,52,,1
1806,donut53@donutworks.com,2014-09-24 06:55:31 +0900,2014-11-15 16:52:40 +0900,임수진,01000000053,농업생명과학대학 응용생물화학부,2014-00053,여,0200000053,01010000053,donut53,예비단원,8.0,900123,false,,53,,1
1809,donut54@donutworks.com,2014-09-24 06:55:31 +0900,2014-11-15 16:52:40 +0900,조훈영,01000000054,사범대학 사회교육과,2014-00054,여,0200000054,01010000054,donut54,예비단원,8.0,900124,false,,54,,1
1812,donut55@donutworks.com,2014-09-24 06:55:31 +0900,2014-11-15 16:52:40 +0900,송철혁,01000000055,공과대학 건축학과,2014-00055,남,0200000055,01010000055,donut55,예비단원,7.5,900125,false,,55,,1
1813,donut56@donutworks.com,2014-09-24 06:55:31 +0900,2014-11-15 16:52:40 +0900,신주정,01000000056,공과대학 건축학과,2014-00056,여,0200000056,01010000056,donut56,예비단원,8.0,900126,false,,56,,1
1814,donut57@donutworks.com,2014-09-24 06:55:31 +0900,2014-11-15 16:52:40 +0900,마계진,01000000057,음악대학 기악과,2014-00057,여,0200000057,01010000057,donut57,예비단원,8.0,900127,false,,57,,1
1815,donut58@donutworks.com,2014-09-24 06:55:31 +0900,2014-11-15 16:52:40 +0900,장훈재,01000000058,공과대학 전기정보공학부,2014-00058,남,0200000058,01010000058,donut58,예비단원,8.0,900128,false,,58,,1
1816,donut59@donutworks.com,2014-09-24 06:55:31 +0900,2014-11-15 16:52:40 +0900,서대혁,01000000059,자연과학대학 화학부,2014-00059,남,0200000059,01010000059,donut59,예비단원,8.0,900129,false,,59,,1
1829,donut60@donutworks.com,2014-09-24 06:55:31 +0900,2014-11-15 16:52:40 +0900,홍주의,01000000060,공과대학 전기정보공학부,2014-00060,남,0200000060,01010000060,donut60,예비단원,8.0,900130,true,kakao,60,,1
1811,donut61@donutworks.com,2014-09-24 06:55:31 +0900,2014-11-15 16:52:40 +0900,하현진,01000000061,공과대학 전기정보공학부,2014-00061,남,0200000061,01010000061,donut61,정단원,7.5,900131,false,,61,,1
1747,donut62@donutworks.com,2014-09-24 06:55:29 +0900,2014-11-15 16:52:40 +0900,김훈희,01000000062,공과대학 전기정보공학부,2014-00062,여,0200000062,01010000062,donut62,명예단원,7.0,900101,true,kakao,62,,1
1821,donut63@donutworks.com,2014-09-24 06:55:31 +0900,2014-11-15 16:52:40 +0900,김선혁,01000000063,생활과학대학 소비자학과,2014-00063,여,0200000063,01010000063,donut63,예비단원,8.0,900102,false,,63,,1
1823,donut64@donutworks.com,2014-09-24 06:55:31 +0900,2014-11-15 16:52:40 +0900,박주기,01000000064,공과대학 전기정보공학부,2014-00064,남,0200000064,01010000064,donut64,예비단원,8.0,900103,false,,64,,1
1824,donut65@donutworks.com,2014-09-24 06:55:31 +0900,2014-11-15 16:52:40 +0900,남유진,01000000065,사범대학 외국어교육계열,2014-00065,여,0200000065,01010000065,donut65,예비단원,8.0,900104,false,,65,,1
1825,donut66@donutworks.com,2014-09-24 06:55:31 +0900,2014-11-15 16:52:40 +0900,이훈나,01000000066,사회대학 지리학과,2014-00066,여,0200000066,01010000066,donut66,예비단원,8.0,900105,false,,66,,1
1826,donut67@donutworks.com,2014-09-24 06:55:31 +0900,2014-11-15 16:52:40 +0900,하병혁,01000000067,공과대학 원자핵공학과,2014-00067,남,0200000067,01010000067,donut67,예비단원,8.0,900106,false,,67,,1
1827,donut68@donutworks.com,2014-09-24 06:55:31 +0900,2014-11-15 16:52:40 +0900,박주은,01000000068,사회과학대학 사회과학계열,2014-00068,여,0200000068,01010000068,donut68,예비단원,8.0,900107,false,,68,,1
1828,donut69@donutworks.com,2014-09-24 06:55:31 +0900,2014-11-15 16:52:40 +0900,김윤진,01000000069,공과대학 전기정보공학부,2014-00069,남,0200000069,01010000069,donut69,예비단원,8.0,900108,false,,69,,1
1830,donut70@donutworks.com,2014-09-24 06:55:31 +0900,2014-11-15 16:52:41 +0900,서훈진,01000000070,음악대학 기악과,2014-00070,여,0200000070,01010000070,donut70,예비단원,8.0,900109,false,,70,,1
1832,donut71@donutworks.com,2014-09-24 06:55:31 +0900,2014-11-15 16:52:41 +0900,원미혁,01000000071,공과대학 전기정보공학부,2014-00071,여,0200000071,01010000071,donut71,예비단원,8.0,900110,true,kakao,71,,1
1833,donut72@donutworks.com,2014-09-24 06:55:31 +0900,2014-11-15 16:52:41 +0900,김주,01000000072,공과대학 전기정보공학부,2014-00072,남,0200000072,01010000072,donut72,예비단원,8.0,900111,false,,72,,1
1835,donut73@donutworks.com,2014-09-24 06:55:31 +0900,2014-11-15 16:52:41 +0900,신기진,01000000073,공과대학 건축학과,2014-00073,남,0200000073,01010000073,donut73,정단원,7.5,900112,false,,73,,1
1838,donut74@donutworks.com,2014-09-24 06:56:45 +0900,2014-11-15 16:52:41 +0900,이훈원,01000000074,사범대학 체육교육과,2014-00074,남,0200000074,01010000074,donut74,예비단원,8.5,900113,false,,74,,1
1848,donut75@donutworks.com,2014-09-24 06:56:45 +0900,2014-11-15 16:52:41 +0900,이종혁,01000000075,공과대학 기계항공공학부,2014-00075,남,0200000075,01010000075,donut75,예비단원,8.5,900114,true,kakao,75,,1
1877,donut76@donutworks.com,2014-09-24 06:56:46 +0900,2014-11-15 16:52:41 +0900,지주현,01000000076,자연과학대학 수리과학부,2014-00076,남,0200000076,01010000076,donut76,예비단원,8.5,900115,false,,76,,1
1849,donut77@donutworks.com,2014-09-24 06:56:45 +0900,2014-11-15 16:52:41 +0900,박연진,01000000077,공과대학 건축학과,2014-00077,여,0200000077,01010000077,donut77,예비단원,8.5,900116,false,,77,,1
1850,donut78@donutworks.com,2014-09-24 06:56:45 +0900,2014-11-15 16:52:41 +0900,강훈영,01000000078,인문대학 종교학과,2014-00078,여,0200000078,01010000078,donut78,예비단원,8.5,900117,false,,78,,1
1851,donut79@donutworks.com,2014-09-24 06:56:45 +0900,2014-11-15 16:52:41 +0900,강형혁,01000000079,자유전공대학 경제학과,2014-00079,남,0200000079,01010000079,donut79,예비단원,8.5,900118,false,,79,,1
1861,donut80@donutworks.com,2014-09-24 06:56:46 +0900,2014-11-15 16:52:41 +0900,조주일,01000000080,경영대학 경영학과,2014-00080,남,0200000080,01010000080,donut80,예비단원,8.5,900119,false,,80,,1
1867,donut81@donutworks.com,2014-09-24 06:56:46 +0900,2014-11-15 16:52:41 +0900,박정진,01000000081,자유전공학부,2014-00081,여,0200000081,01010000081,donut81,예비단원,8.5,900120,false,,81,,1
1868,donut82@donutworks.com,2014-09-24 06:56:46 +0900,2014-11-15 16:52:41 +0900,오훈운,01000000082,사범대학 과학교육계,2014-00082,남,0200000082,01010000082,donut82,예비단원,8.5,900121,false,,82,,1
1869,donut83@donutworks.com,2014-09-24 06:56:46 +0900,2014-11-15 16:52:41 +0900,김여혁,01000000083,사범대학 국어교육과,2014-00083,여,0200000083,01010000083,donut83,예비단원,8.5,900122,false,,83,,1
1870,donut84@donutworks.com,2014-09-24 06:56:46 +0900,2014-11-15 16:52:41 +0900,이주언,01000000084,공과대학 전기공학과,2014-00084,남,0200000084,01010000084,donut84,예비단원,8.5,900123,false,,84,,1
1876,donut85@donutworks.com,2014-09-24 06:56:46 +0900,2014-11-15 16:52:41 +0900,원소진,01000000085,치의학대학원 치의학과,2014-00085,여,0200000085,01010000085,donut85,예비단원,8.5,900124,false,,85,,1
1881,donut86@donutworks.com,2014-09-24 06:56:46 +0900,2014-11-15 16:52:41 +0900,최훈태,01000000086,공과대학 전기정보공학부,2014-00086,남,0200000086,01010000086,donut86,예비단원,8.5,900125,false,,86,,1
1889,donut87@donutworks.com,2014-09-24 06:56:46 +0900,2014-11-15 16:52:41 +0900,윤영혁,01000000087,자연과학대학 화학부,2014-00087,남,0200000087,01010000087,donut87,예비단원,8.5,900126,false,,87,,1
1909,donut88@donutworks.com,2014-09-24 06:56:47 +0900,2014-11-15 16:52:41 +0900,신주민,01000000088,사범대학 국어교육과,2014-00088,여,0200000088,01010000088,donut88,예비단원,8.5,900127,false,,88,,1
1911,donut89@donutworks.com,2014-09-24 06:56:47 +0900,2014-11-15 16:52:41 +0900,이윤진,01000000089,사범대학 지리교육과,2014-00089,여,0200000089,01010000089,donut89,예비단원,8.5,900128,false,,89,,1
1913,donut90@donutworks.com,2014-09-24 06:56:47 +0900,2014-11-15 16:52:41 +0900,천훈지,01000000090,음악대학 기악과,2014-00090,여,0200000090,01010000090,donut90,예비단원,8.5,900129,false,,90,,1
1915,donut91@donutworks.com,2014-09-24 06:56:47 +0900,2014-11-15 16:52:41 +0900,이지혁,01000000091,간호대학 간호학과,2014-00091,여,0200000091,01010000091,donut91,예비단원,8.5,900130,false,,91,,1
1916,donut92@donutworks.com,2014-09-24 06:56:47 +0900,2014-11-15 16:52:41 +0900,변주기,01000000092,자연과학대학 화학부,2014-00092,남,0200000092,01010000092,donut92,예비단원,8.5,900131,false,,92,,1
1931,donut93@donutworks.com,2014-09-29 17:12:30 +0900,2014-11-15 16:52:41 +0900,양주진,01000000093,공과대학 건설환경공학과,2014-00093,남,0200000093,01010000093,donut93,예비단원,8.5,900101,false,,93,,1
1932,donut94@donutworks.com,2014-09-29 17:13:57 +0900,2014-11-15 16:52:41 +0900,박훈근,01000000094,농업생명과학대학 산림과학부,2014-00094,남,0200000094,01010000094,donut94,예비단원,8.5,900102,false,,94,,1
1841,donut95@donutworks.com,2014-09-24 06:56:45 +0900,2014-11-15 16:52:41 +0900,권오혁,01000000095,공과대학 전기정보공학부,2014-00095,여,0200000095,01010000095,donut95,예비단원,8.5,900103,true,kakao,95,,1
1934,donut96@donutworks.com,2014-10-10 16:07:36 +0900,2014-11-15 16:52:41 +0900,조주호,01000000096,공과대학 전기전자공학부,2014-00096,남,0200000096,01010000096,donut96,예비단원,8.5,900104,false,,96,,1
1935,donut97@donutworks.com,2014-10-10 16:10:11 +0900,2014-11-15 16:52:41 +0900,고영진,01000000097,공과대학 재료공학부,2014-00097,남,0200000097,01010000097,donut97,예비단원,6.0,900105,false,,97,,1
1936,donut98@donutworks.com,2014-10-10 16:30:59 +0900,2014-11-15 16:52:41 +0900,정훈주,01000000098,공과대학 전기정보공학부,2014-00098,여,0200000098,01010000098,donut98,예비단원,8.5,900106,false,,98,,1
1914,donut99@donutworks.com,2014-09-24 06:56:47 +0900,2014-11-15 16:52:41 +0900,김진혁,01000000099,인문대학 인문계열,2014-00099,남,0200000099,01010000099,donut99,예비단원,8.5,900107,true,kakao,99,,1
1865,donut100@donutworks.com,2014-09-24 06:56:46 +0900,2014-11-15 16:52:41 +0900,김주창,01000000100,공과대학 전기정보공학부,2014-00100,남,0200000100,01010000100,donut100,예비단원,8.5,900108,true,kakao,100,,1
1880,donut101@donutworks.com,2014-09-24 06:56:46 +0900,2014-11-15 16:52:41 +0900,하문진,01000000101,생활과학대학 식품영양학과,2014-00101,여,0200000101,01010000101,donut101,예비단원,8.5,900109,true,kakao,101,,1
1872,donut102@donutworks.com,2014-09-24 06:56:46 +0900,2014-11-15 16:52:41 +0900,김훈준,01000000102,음악대학 기악과,2014-00102,여,0200000102,01010000102,donut102,예비단원,8.5,900110,true,kakao,102,,1
1906,donut103@donutworks.com,2014-09-24 06:56:47 +0900,2014-11-15 16:52:41 +0900,손다혁,01000000103,사회과학대학 사회복지학과,2014-00103,여,0200000103,01010000103,donut103,예비단원,8.5,900111,true,kakao,103,,1
1807,donut104@donutworks.com,2014-09-24 06:55:31 +0900,2014-11-15 16:52:41 +0900,김주원,01000000104,인문대학 영어영문학과,2014-00104,여,0200000104,01010000104,donut104,예비단원,8.0,900112,false,kakao,104,,1
1904,donut105@donutworks.com,2014-09-24 06:56:47 +0900,2014-11-15 16:52:41 +0900,허용진,01000000105,의과대학 의예과,2014-00105,남,0200000105,01010000105,donut105,예비단원,8.5,900113,true,kakao,105,,1
1842,donut106@donutworks.com,2014-09-24 06:56:45 +0900,2014-11-15 16:52:41 +0900,한훈지,01000000106,사범대학 국어교육과,2014-00106,여,0200000106,01010000106,donut106,예비단원,8.5,900114,true,kakao,106,,1
1910,donut107@donutworks.com,2014-09-24 06:56:47 +0900,2014-11-15 16:52:41 +0900,김민혁,01000000107,간호대학 간호학과,2014-00107,여,0200000107,01010000107,donut107,예비단원,8.5,900115,true,kakao,107,,1
1878,donut108@donutworks.com,2014-09-24 06:56:46 +0900,2014-11-15 16:52:41 +0900,서주정,01000000108,음악대학 작곡과 이론전공,2014-00108,여,0200000108,01010000108,donut108,예비단원,8.5,900116,true,kakao,108,,1
1907,donut109@donutworks.com,2014-09-24 06:56:47 +0900,2014-11-15 16:52:41 +0900,김예진,01000000109,생활과학대학 의류학과,2014-00109,여,0200000109,01010000109,donut109,예비단원,8.5,900117,true,kakao,109,,1
1862,donut110@donutworks.com,2014-09-24 06:56:46 +0900,2014-11-15 16:52:41 +0900,최훈윤,01000000110,공과대학 기계항공공학부,2014-00110,남,0200000110,01010000110,donut110,예비단원,8.5,900118,true,kakao,110,,1
1886,donut111@donutworks.com,2014-09-24 06:56:46 +0900,2014-11-15 16:52:41 +0900,권수혁,01000000111,인문계열,2014-00111,여,0200000111,01010000111,donut111,예비단원,8.5,900119,true,kakao,111,,1
1855,donut112@donutworks.com,2014-09-24 06:56:45 +0900,2014-11-15 16:52:41 +0900,차주나,01000000112,생활과학대학 식품영양학과,2014-00112,여,0200000112,01010000112,donut112,예비단원,8.5,900120,true,kakao,112,,1
1843,donut113@donutworks.com,2014-09-24 06:56:45 +0900,2014-11-15 16:52:41 +0900,최진진,01000000113,공과대학 재료공학부,2014-00113,남,0200000113,01010000113,donut113,예비단원,8.5,900121,true,kakao,113,,1
1871,donut114@donutworks.com,2014-09-24 06:56:46 +0900,2014-11-15 16:52:41 +0900,홍훈정,01000000114,간호대학 간호학과,2014-00114,여,0200000114,01010000114,donut114,예비단원,8.5,900122,true,kakao,114,,1
1897,donut115@donutworks.com,2014-09-24 06:56:47 +0900,2014-11-15 16:52:41 +0900,정민혁,01000000115,공과대학 화학생물공학부,2014-00115,남,0200000115,01010000115,donut115,예비단원,8.5,900123,true,kakao,115,,1
1883,donut116@donutworks.com,2014-09-24 06:56:46 +0900,2014-11-15 16:52:41 +0900,김주영,01000000116,미술대학 디자인학부,2014-00116,여,0200000116,01010000116,donut116,예비단원,8.5,900124,false,kakao,116,,1
1857,donut117@donutworks.com,2014-09-24 06:56:46 +0900,2014-11-15 16:52:41 +0900,임지진,01000000117,공과대학 전기정보공학부,2014-00117,남,0200000117,01010000117,donut117,예비단원,8.5,900125,true,kakao,117,,1
1873,donut118@donutworks.com,2014-09-24 06:56:46 +0900,2014-11-15 16:52:41 +0900,정훈름,01000000118,생활과학대학 의류학과,2014-00118,여,0200000118,01010000118,donut118,예비단원,8.5,900126,true,kakao,118,,1
1937,donut119@donutworks.com,2014-10-14 10:33:25 +0900,2014-11-15 16:52:41 +0900,노영혁,01000000119,공과대학 화학생물공학부,2014-00119,남,0200000119,01010000119,donut119,정단원,7.0,900127,true,kakao,119,,1
1894,donut120@donutworks.com,2014-09-24 06:56:46 +0900,2014-11-15 16:52:41 +0900,윤주정,01000000120,사회과학대학 정치외교학부,2014-00120,여,0200000120,01010000120,donut120,예비단원,8.5,900128,true,kakao,120,,1
1856,donut121@donutworks.com,2014-09-24 06:56:46 +0900,2014-11-15 16:52:41 +0900,박상진,01000000121,사회대 경제학부,2014-00121,남,0200000121,01010000121,donut121,예비단원,8.5,900129,true,kakao,121,,1
1839,donut122@donutworks.com,2014-09-24 06:56:45 +0900,2014-11-15 16:52:41 +0900,이훈훈,01000000122,공과대학 원자핵공학과,2014-00122,남,0200000122,01010000122,donut122,예비단원,8.5,900130,true,kakao,122,,1
1890,donut123@donutworks.com,2014-09-24 06:56:46 +0900,2014-11-15 16:52:41 +0900,박창혁,01000000123,생활과학대학 의류학과,2014-00123,여,0200000123,01010000123,donut123,예비단원,8.5,900131,true,kakao,123,,1
1854,donut124@donutworks.com,2014-09-24 06:56:45 +0900,2014-11-15 16:52:41 +0900,김주민,01000000124,농업생명과학대학 산림과학부,2014-00124,남,0200000124,01010000124,donut124,예비단원,8.5,900101,true,kakao,124,,1
1912,donut125@donutworks.com,2014-09-24 06:56:47 +0900,2014-11-15 16:52:41 +0900,오지진,01000000125,음악대학 국악과,2014-00125,여,0200000125,01010000125,donut125,예비단원,8.5,900102,false,kakao,125,,1
1847,donut126@donutworks.com,2014-09-24 06:56:45 +0900,2014-11-15 16:52:41 +0900,백훈정,01000000126,공과대학 화학생물공학부,2014-00126,여,0200000126,01010000126,donut126,예비단원,8.5,900103,true,kakao,126,,1
1860,donut127@donutworks.com,2014-09-24 06:56:46 +0900,2014-11-15 16:52:41 +0900,이석혁,01000000127,경영대학 경영학과,2014-00127,남,0200000127,01010000127,donut127,예비단원,8.5,900104,true,kakao,127,,1
1895,donut128@donutworks.com,2014-09-24 06:56:46 +0900,2014-11-15 16:52:41 +0900,안주진,01000000128,농업생명과학대학 식물생산과학부,2014-00128,여,0200000128,01010000128,donut128,예비단원,8.5,900105,true,kakao,128,,1
1859,donut129@donutworks.com,2014-09-24 06:56:46 +0900,2014-11-15 16:52:41 +0900,전유진,01000000129,사범대학 지리교육과,2014-00129,여,0200000129,01010000129,donut129,예비단원,8.5,900106,true,kakao,129,,1
1875,donut130@donutworks.com,2014-09-24 06:56:46 +0900,2014-11-15 16:52:41 +0900,오훈석,01000000130,공과대학 전기정보공학부,2014-00130,남,0200000130,01010000130,donut130,예비단원,8.5,900107,true,kakao,130,,1
1905,donut131@donutworks.com,2014-09-24 06:56:47 +0900,2014-11-15 16:52:41 +0900,하다혁,01000000131,사범대학 국어교육과,2014-00131,여,0200000131,01010000131,donut131,예비단원,8.5,900108,true,kakao,131,,1
1882,donut132@donutworks.com,2014-09-24 06:56:46 +0900,2014-11-15 16:52:41 +0900,류주준,01000000132,공과대학 기계항공공학부,2014-00132,남,0200000132,01010000132,donut132,예비단원,8.5,900109,true,kakao,132,,1
1891,donut133@donutworks.com,2014-09-24 06:56:46 +0900,2014-11-15 16:52:41 +0900,정석진,01000000133,자연과학대학 수리과학부,2014-00133,남,0200000133,01010000133,donut133,예비단원,8.5,900110,true,kakao,133,,1
1792,donut134@donutworks.com,2014-09-24 06:55:30 +0900,2014-11-15 16:52:41 +0900,송훈욱,01000000134,공과대학 컴퓨터공학부,2014-00134,남,0200000134,01010000134,donut134,정단원,7.5,900111,true,kakao,134,,1
1808,donut135@donutworks.com,2014-09-24 06:55:31 +0900,2014-11-15 16:52:41 +0900,김지혁,01000000135,인문대학 영어영문학과,2014-00135,여,0200000135,01010000135,donut135,예비단원,8.0,900112,true,kakao,135,,1
1751,donut136@donutworks.com,2014-09-24 06:55:29 +0900,2014-11-15 16:52:41 +0900,송주정,01000000136,공과대학 건축학과,2014-00136,여,0200000136,01010000136,donut136,정단원,7.0,900113,true,kakao,136,,1
1781,donut137@donutworks.com,2014-09-24 06:55:30 +0900,2014-11-15 16:52:41 +0900,윤한진,01000000137,공과대학 화학생물공학부,2014-00137,여,0200000137,01010000137,donut137,정단원,5.0,900114,true,kakao,137,,1
1858,donut138@donutworks.com,2014-09-24 06:56:46 +0900,2014-11-15 16:52:41 +0900,강훈영,01000000138,생활과학대학 식품영양학과,2014-00138,여,0200000138,01010000138,donut138,정단원,7.0,900115,true,kakao,138,,1
1834,donut139@donutworks.com,2014-09-24 06:55:31 +0900,2014-11-15 16:52:41 +0900,박헌혁,01000000139,자연과학대학 물리천문학부,2014-00139,남,0200000139,01010000139,donut139,예비단원,8.0,900116,true,kakao,139,,1
1773,donut140@donutworks.com,2014-09-24 06:55:30 +0900,2014-11-15 16:52:41 +0900,석주윤,01000000140,사범대학 생물교육과,2014-00140,여,0200000140,01010000140,donut140,정단원,7.5,900117,true,kakao,140,,1
1874,donut141@donutworks.com,2014-09-24 06:56:46 +0900,2014-11-15 16:52:41 +0900,강다진,01000000141,공과대학 재료공학과,2014-00141,여,0200000141,01010000141,donut141,예비단원,8.5,900118,true,kakao,141,,1
1757,donut142@donutworks.com,2014-09-24 06:55:29 +0900,2014-11-15 16:52:41 +0900,박훈민,01000000142,공과대학 전기정보공학부,2014-00142,남,0200000142,01010000142,donut142,명예단원,6.0,900119,true,kakao,142,,1
1799,donut143@donutworks.com,2014-09-24 06:55:30 +0900,2014-11-15 16:52:41 +0900,최인혁,01000000143,사범대학 윤리교육과,2014-00143,여,0200000143,01010000143,donut143,정단원,7.5,900120,true,kakao,143,,1
1818,donut144@donutworks.com,2014-09-24 06:55:31 +0900,2014-11-15 16:52:41 +0900,강주원,01000000144,공과대학 조선해양공학과,2014-00144,남,0200000144,01010000144,donut144,예비단원,8.0,900121,true,kakao,144,,1
1896,donut145@donutworks.com,2014-09-24 06:56:47 +0900,2014-11-15 16:52:41 +0900,전지진,01000000145,자연과학대학 생명과학부,2014-00145,여,0200000145,01010000145,donut145,예비단원,8.5,900122,true,kakao,145,,1
1763,donut146@donutworks.com,2014-09-24 06:55:29 +0900,2014-11-15 16:52:41 +0900,박훈홍,01000000146,농업생명과학대학 산림과학부,2014-00146,남,0200000146,01010000146,donut146,정단원,8.0,900123,true,kakao,146,,1
1786,donut147@donutworks.com,2014-09-24 06:55:30 +0900,2014-11-15 16:52:41 +0900,이주혁,01000000147,자연대학 물리천문학부,2014-00147,남,0200000147,01010000147,donut147,예비단원,8.0,900124,true,kakao,147,,1
1863,donut148@donutworks.com,2014-09-24 06:56:46 +0900,2014-11-15 16:52:41 +0900,박주연,01000000148,인문대 아시아언어문명학부,2014-00148,여,0200000148,01010000148,donut148,예비단원,8.5,900125,true,kakao,148,,1
1754,donut149@donutworks.com,2014-09-24 06:55:29 +0900,2014-11-15 16:52:41 +0900,황민진,01000000149,인문대학 미학과,2014-00149,여,0200000149,01010000149,donut149,예비단원,8.0,900126,false,kakao,149,,1
1836,donut150@donutworks.com,2014-09-24 06:55:31 +0900,2014-11-15 16:52:41 +0900,류훈민,01000000150,공과대학 전기정보공학부,2014-00150,남,0200000150,01010000150,donut150,명예단원,5.0,900127,true,kakao,150,,1
1803,donut151@donutworks.com,2014-09-24 06:55:30 +0900,2014-11-15 16:52:41 +0900,우재혁,01000000151,공과대학 건축학과,2014-00151,남,0200000151,01010000151,donut151,정단원,7.0,900128,true,kakao,151,,1
1778,donut152@donutworks.com,2014-09-24 06:55:30 +0900,2014-11-15 16:52:41 +0900,김주혜,01000000152,농생대 식물생산과학부,2014-00152,여,0200000152,01010000152,donut152,정단원,7.0,900129,true,kakao,152,,1
1728,donut153@donutworks.com,2014-09-24 06:55:28 +0900,2014-11-15 16:52:41 +0900,권대진,01000000153,인문대학 중어중문학과,2014-00153,남,0200000153,01010000153,donut153,명예단원,3.5,900130,true,kakao,153,,1
1795,donut154@donutworks.com,2014-09-24 06:55:30 +0900,2014-11-15 16:52:41 +0900,조훈솔,01000000154,공과대학 기계항공공학부,2014-00154,남,0200000154,01010000154,donut154,정단원,7.0,900131,true,kakao,154,,1
1801,donut155@donutworks.com,2014-09-24 06:55:30 +0900,2014-11-15 16:52:41 +0900,배재혁,01000000155,공과대학 화학생물공학부,2014-00155,남,0200000155,01010000155,donut155,명예단원,6.0,900101,true,kakao,155,,1
1797,donut156@donutworks.com,2014-09-24 06:55:30 +0900,2014-11-15 16:52:41 +0900,정주석,01000000156,공과대학 기계항공공학부,2014-00156,남,0200000156,01010000156,donut156,예비단원,8.0,900102,true,kakao,156,,1
1885,donut157@donutworks.com,2014-09-24 06:56:46 +0900,2014-11-15 16:52:41 +0900,정윤진,01000000157,음악대학 기악과,2014-00157,여,0200000157,01010000157,donut157,예비단원,8.5,900103,true,kakao,157,,1
1774,donut158@donutworks.com,2014-09-24 06:55:30 +0900,2014-11-15 16:52:41 +0900,전훈성,01000000158,공과대학 건축학과,2014-00158,남,0200000158,01010000158,donut158,정단원,7.0,900104,true,kakao,158,,1
1810,donut159@donutworks.com,2014-09-24 06:55:31 +0900,2014-11-15 16:52:41 +0900,윤소혁,01000000159,간호대학 간호학과,2014-00159,여,0200000159,01010000159,donut159,예비단원,7.0,900105,true,kakao,159,,1
1917,donut160@donutworks.com,2014-09-24 06:56:47 +0900,2014-11-15 16:52:41 +0900,배주희,01000000160,사범대학 국어교육과,2014-00160,여,0200000160,01010000160,donut160,예비단원,8.5,900106,true,kakao,160,,1
1902,donut161@donutworks.com,2014-09-24 06:56:47 +0900,2014-11-15 16:52:41 +0900,김기진,01000000161,사범대학 화학교육과,2014-00161,남,0200000161,01010000161,donut161,예비단원,8.5,900107,true,kakao,161,,1
1899,donut162@donutworks.com,2014-09-24 06:56:47 +0900,2014-11-15 16:52:41 +0900,안훈리,01000000162,사범대학 화학교육과,2014-00162,여,0200000162,01010000162,donut162,예비단원,8.5,900108,false,kakao,162,,1
1892,donut163@donutworks.com,2014-09-24 06:56:46 +0900,2014-11-15 16:52:41 +0900,정소혁,01000000163,사범대학 외국어교육계열,2014-00163,여,0200000163,01010000163,donut163,예비단원,8.5,900109,true,kakao,163,,1
1879,donut164@donutworks.com,2014-09-24 06:56:46 +0900,2014-11-15 16:52:41 +0900,고주지,01000000164,생활과학대학 의류학과,2014-00164,여,0200000164,01010000164,donut164,예비단원,8.5,900110,true,kakao,164,,1
1898,donut165@donutworks.com,2014-09-24 06:56:47 +0900,2014-11-15 16:52:41 +0900,김다진,01000000165,사범대학 화학교육과,2014-00165,여,0200000165,01010000165,donut165,예비단원,8.5,900111,true,kakao,165,,1
1822,donut166@donutworks.com,2014-09-24 06:55:31 +0900,2014-11-15 16:52:41 +0900,유훈재,01000000166,공과대학 기계항공공학부,2014-00166,여,0200000166,01010000166,donut166,예비단원,8.0,900112,true,kakao,166,,1
1820,donut167@donutworks.com,2014-09-24 06:55:31 +0900,2014-11-15 16:52:41 +0900,조영혁,01000000167,공과대학 전기정보공학부,2014-00167,남,0200000167,01010000167,donut167,예비단원,8.0,900113,true,kakao,167,,1
1736,donut168@donutworks.com,2014-09-24 06:55:29 +0900,2014-11-15 16:52:41 +0900,최주혁,01000000168,공과대학 기계항공공학부,2014-00168,남,0200000168,01010000168,donut168,명예단원,6.0,900114,false,kakao,168,,1
1846,donut169@donutworks.com,2014-09-24 06:56:45 +0900,2014-11-15 16:52:41 +0900,이도진,01000000169,사범대학 윤리교육과,2014-00169,여,0200000169,01010000169,donut169,예비단원,8.5,900115,true,kakao,169,,1
1796,donut170@donutworks.com,2014-09-24 06:55:30 +0900,2014-11-15 16:52:41 +0900,조훈희,01000000170,공과대학 건축학과 건축공학전공,2014-00170,남,0200000170,01010000170,donut170,명예단원,5.0,900116,false,kakao,170,,1
1845,donut171@donutworks.com,2014-09-24 06:56:45 +0900,2014-11-15 16:52:41 +0900,양현혁,01000000171,농업생명과학대학 산림환경학과,2014-00171,남,0200000171,01010000171,donut171,예비단원,8.5,900117,true,kakao,171,,1
1802,donut172@donutworks.com,2014-09-24 06:55:30 +0900,2014-11-15 16:52:41 +0900,오주균,01000000172,공과대학 화학생물공학부,2014-00172,남,0200000172,01010000172,donut172,명예단원,3.0,900118,true,kakao,172,,1
1837,donut173@donutworks.com,2014-09-24 06:56:45 +0900,2014-11-15 16:52:41 +0900,고윤진,01000000173,자연대학 화학부,2014-00173,여,0200000173,01010000173,donut173,예비단원,8.5,900119,true,kakao,173,,1
1817,donut174@donutworks.com,2014-09-24 06:55:31 +0900,2014-11-15 16:52:41 +0900,이훈지,01000000174,수의과대학 수의학과,2014-00174,여,0200000174,01010000174,donut174,정단원,7.0,900120,true,kakao,174,,1
1771,donut175@donutworks.com,2014-09-24 06:55:30 +0900,2014-11-15 16:52:41 +0900,홍세혁,01000000175,생활과학대학 식품영양학과,2014-00175,여,0200000175,01010000175,donut175,정단원,8.0,900121,false,kakao,175,,1
1779,donut176@donutworks.com,2014-09-24 06:55:30 +0900,2014-11-15 16:52:41 +0900,박주록,01000000176,사범대학 윤리교육과,2014-00176,남,0200000176,01010000176,donut176,명예단원,5.0,900122,true,kakao,176,,1
1866,donut177@donutworks.com,2014-09-24 06:56:46 +0900,2014-11-15 16:52:41 +0900,김혜진,01000000177,인문대학 서양사학과,2014-00177,여,0200000177,01010000177,donut177,정단원,7.0,900123,true,kakao,177,,1
1887,donut178@donutworks.com,2014-09-24 06:56:46 +0900,2014-11-15 16:52:41 +0900,정훈현,01000000178,공과대학 건설환경공학부,2014-00178,남,0200000178,01010000178,donut178,예비단원,8.5,900124,true,kakao,178,,1
1831,donut179@donutworks.com,2014-09-24 06:55:31 +0900,2014-11-15 16:52:41 +0900,박지혁,01000000179,공과대학 건축학과,2014-00179,여,0200000179,01010000179,donut179,명예단원,6.5,900125,true,kakao,179,,1
1729,donut180@donutworks.com,2014-09-24 06:55:29 +0900,2014-11-15 16:52:41 +0900,정주민,01000000180,공과대학 전기정보공학부,2014-00180,남,0200000180,01010000180,donut180,정단원,7.0,900126,true,kakao,180,,1
1744,donut181@donutworks.com,2014-09-24 06:55:29 +0900,2014-11-15 16:52:41 +0900,권영진,01000000181,생활과학대학 의류학과,2014-00181,여,0200000181,01010000181,donut181,정단원,8.0,900127,true,kakao,181,,1
1760,donut182@donutworks.com,2014-09-24 06:55:29 +0900,2014-11-15 16:52:41 +0900,문훈정,01000000182,자유전공학부,2014-00182,여,0200000182,01010000182,donut182,예비단원,8.0,900128,true,kakao,182,,1
1766,donut183@donutworks.com,2014-09-24 06:55:30 +0900,2014-11-15 16:52:41 +0900,이상혁,01000000183,자연과학대학 통계학과,2014-00183,남,0200000183,01010000183,donut183,예비단원,8.0,900129,true,kakao,183,,1
1893,donut184@donutworks.com,2014-09-24 06:56:46 +0900,2014-11-15 16:52:41 +0900,문주형,01000000184,공과대학 화학생물공학부,2014-00184,여,0200000184,01010000184,donut184,정단원,7.0,900130,true,kakao,184,,1
1738,donut185@donutworks.com,2014-09-24 06:55:29 +0900,2014-11-15 16:52:41 +0900,김윤진,01000000185,인문대학 서양사학과,2014-00185,여,0200000185,01010000185,donut185,예비단원,8.0,900131,true,kakao,185,,1
1900,donut186@donutworks.com,2014-09-24 06:56:47 +0900,2014-11-15 16:52:41 +0900,신훈솜,01000000186,아시아언어문명학부,2014-00186,여,0200000186,01010000186,donut186,예비단원,8.5,900101,true,kakao,186,,1
1819,donut187@donutworks.com,2014-09-24 06:55:31 +0900,2014-11-15 16:52:41 +0900,배수혁,01000000187,공과대학 전기정보공학부,2014-00187,남,0200000187,01010000187,donut187,정단원,7.0,900102,true,kakao,187,,1
1888,donut188@donutworks.com,2014-09-24 06:56:46 +0900,2014-11-15 16:52:41 +0900,채주연,01000000188,생활과학대학 식품영양학과,2014-00188,여,0200000188,01010000188,donut188,예비단원,8.5,900103,true,kakao,188,,1
1787,donut189@donutworks.com,2014-09-24 06:55:30 +0900,2014-11-15 16:52:41 +0900,김지진,01000000189,사범대학 체육교육과,2014-00189,남,0200000189,01010000189,donut189,정단원,8.0,900104,true,kakao,189,,1
1734,donut190@donutworks.com,2014-09-24 06:55:29 +0900,2014-11-15 16:52:41 +0900,곽훈원,01000000190,공과대학 건설환경공학부,2014-00190,남,0200000190,01010000190,donut190,정단원,8.0,900105,true,kakao,190,,1
1789,donut191@donutworks.com,2014-09-24 06:55:30 +0900,2014-11-15 16:52:41 +0900,김창혁,01000000191,공과대학 전기정보공학부,2014-00191,남,0200000191,01010000191,donut191,예비단원,7.5,900106,true,kakao,191,,1
1743,donut192@donutworks.com,2014-09-24 06:55:29 +0900,2014-11-15 16:52:41 +0900,이주현,01000000192,공과대학 기계항공공학부,2014-00192,남,0200000192,01010000192,donut192,정단원,8.0,900107,true,kakao,192,,1
1742,donut193@donutworks.com,2014-09-24 06:55:29 +0900,2014-11-15 16:52:41 +0900,배소진,01000000193,인문대학 불어불문학과,2014-00193,여,0200000193,01010000193,donut193,정단원,7.0,900108,true,kakao,193,,1
